Variable,MSE,MAE,MedAE,RMSE,R² (%)
Incidencias,27.43874541962429,4.408118806450154,4.213586807250977,5.238200589861397,0.769276078754888
Clientes,0.08803071651917202,0.22077341932724542,0.1768331527709961,0.2966997076492864,99.9464348223737
TM Muerto,1.1671586922933774,0.833974774666271,0.6850225830078216,1.0803511893330693,99.95670196397587
TM Resolución,2.510632740790466,1.1779846525025817,0.9136810302734375,1.5844976304149103,99.94640051275003
